,0,1
0,0.0,0.0
1,1645457400.0,0.0
2,1645458300.0,0.0
3,1645459200.0,0.0
4,1645460100.0,1.0
5,1645461000.0,1.0
6,1645461900.0,1.0
7,1645462800.0,0.0
8,1645463700.0,0.0
9,1645464600.0,0.0
10,1645465500.0,1.0
11,1645466400.0,1.0
12,1645467300.0,1.0
13,1645468200.0,1.0
14,1645469100.0,1.0
15,1645470000.0,1.0
16,1645470900.0,1.0
17,1645471800.0,1.0
18,1645472700.0,0.0
19,1645473600.0,1.0
20,1645474500.0,0.0
21,1645475400.0,0.0
22,1645476300.0,1.0
23,1645477200.0,1.0
24,1645478100.0,0.0
25,1645479000.0,1.0
26,1645479900.0,1.0
27,1645480800.0,1.0
28,1645481700.0,0.0
29,1645482600.0,0.0
30,1645483500.0,1.0
31,1645484400.0,1.0
32,1645485300.0,1.0
33,1645486200.0,1.0
34,1645487100.0,1.0
35,1645488000.0,0.0
36,1645488900.0,0.0
37,1645489800.0,0.0
38,1645490700.0,0.0
39,1645491600.0,0.0
40,1645492500.0,1.0
41,1645493400.0,1.0
42,1645494300.0,1.0
43,1645495200.0,0.0
44,1645496100.0,0.0
45,1645497000.0,0.0
46,1645497900.0,1.0
47,1645498800.0,1.0
48,1645499700.0,1.0
49,1645500600.0,0.0
50,1645501500.0,0.0
51,1645502400.0,0.0
52,1645503300.0,1.0
53,1645504200.0,1.0
54,1645505100.0,1.0
55,1645506000.0,1.0
56,1645506900.0,1.0
57,1645507800.0,1.0
58,1645508700.0,1.0
59,1645509600.0,0.0
60,1645510500.0,1.0
61,1645511400.0,1.0
62,1645512300.0,1.0
63,1645513200.0,1.0
64,1645514100.0,1.0
65,1645515000.0,1.0
66,1645515900.0,0.0
67,1645516800.0,0.0
68,1645517700.0,0.0
69,1645518600.0,1.0
70,1645519500.0,1.0
71,1645520400.0,1.0
72,1645521300.0,1.0
73,1645522200.0,0.0
74,1645523100.0,0.0
75,1645524000.0,1.0
76,1645524900.0,1.0
77,1645525800.0,1.0
78,1645526700.0,0.0
79,1645527600.0,1.0
80,1645528500.0,0.0
81,1645529400.0,0.0
82,1645530300.0,1.0
83,1645531200.0,1.0
84,1645532100.0,1.0
85,1645533000.0,1.0
86,1645533900.0,0.0
87,1645534800.0,0.0
88,1645535700.0,1.0
89,1645536600.0,1.0
90,1645537500.0,0.0
91,1645538400.0,1.0
92,1645539300.0,1.0
93,1645540200.0,1.0
94,1645541100.0,0.0
95,1645542000.0,0.0
96,1645542900.0,1.0
97,1645543800.0,0.0
98,1645544700.0,1.0
99,1645545600.0,1.0
100,1645546500.0,1.0
101,1645547400.0,1.0
102,1645548300.0,1.0
103,1645549200.0,1.0
104,1645550100.0,1.0
105,1645551000.0,1.0
106,1645551900.0,1.0
107,1645552800.0,0.0
108,1645553700.0,1.0
109,1645554600.0,0.0
110,1645555500.0,0.0
111,1645556400.0,1.0
112,1645557300.0,0.0
113,1645558200.0,1.0
114,1645559100.0,0.0
115,1645560000.0,0.0
116,1645560900.0,1.0
117,1645561800.0,0.0
118,1645562700.0,1.0
119,1645563600.0,1.0
120,1645564500.0,1.0
121,1645565400.0,1.0
122,1645566300.0,0.0
123,1645567200.0,1.0
124,1645568100.0,1.0
125,1645569000.0,1.0
126,1645569900.0,1.0
127,1645570800.0,1.0
128,1645571700.0,1.0
129,1645572600.0,1.0
130,1645573500.0,0.0
131,1645574400.0,1.0
132,1645575300.0,0.0
133,1645576200.0,1.0
134,1645577100.0,1.0
135,1645578000.0,0.0
136,1645578900.0,1.0
137,1645579800.0,1.0
138,1645580700.0,1.0
139,1645581600.0,0.0
140,1645582500.0,1.0
141,1645583400.0,0.0
142,1645584300.0,1.0
143,1645585200.0,1.0
144,1645586100.0,1.0
145,1645587000.0,1.0
146,1645587900.0,1.0
147,1645588800.0,0.0
148,1645589700.0,1.0
149,1645590600.0,0.0
150,1645591500.0,1.0
151,1645592400.0,0.0
152,1645593300.0,1.0
153,1645594200.0,1.0
154,1645595100.0,1.0
155,1645596000.0,1.0
156,1645596900.0,1.0
157,1645597800.0,1.0
158,1645598700.0,1.0
159,1645599600.0,1.0
160,1645600500.0,1.0
161,1645601400.0,1.0
162,1645602300.0,1.0
163,1645603200.0,1.0
164,1645604100.0,1.0
165,1645605000.0,0.0
166,1645605900.0,1.0
167,1645606800.0,1.0
168,1645607700.0,0.0
169,1645608600.0,0.0
170,1645609500.0,1.0
171,1645610400.0,1.0
172,1645611300.0,0.0
173,1645612200.0,1.0
174,1645613100.0,0.0
175,1645614000.0,1.0
176,1645614900.0,1.0
177,1645615800.0,1.0
178,1645616700.0,0.0
179,1645617600.0,1.0
180,1645618500.0,0.0
181,1645619400.0,0.0
182,1645620300.0,0.0
183,1645621200.0,0.0
184,1645622100.0,1.0
185,1645623000.0,1.0
186,1645623900.0,1.0
187,1645624800.0,1.0
188,1645625700.0,1.0
189,1645626600.0,0.0
190,1645627500.0,0.0
191,1645628400.0,1.0
192,1645629300.0,1.0
193,1645630200.0,0.0
194,1645631100.0,0.0
195,1645632000.0,0.0
196,1645632900.0,0.0
197,1645633800.0,1.0
198,1645634700.0,0.0
199,1645635600.0,0.0
200,1645636500.0,0.0
201,1645637400.0,1.0
202,1645638300.0,1.0
203,1645639200.0,0.0
204,1645640100.0,1.0
205,1645641000.0,0.0
206,1645641900.0,1.0
207,1645642800.0,1.0
208,1645643700.0,1.0
209,1645644600.0,1.0
210,1645645500.0,1.0
211,1645646400.0,0.0
212,1645647300.0,1.0
213,1645648200.0,0.0
214,1645649100.0,0.0
215,1645650000.0,0.0
216,1645650900.0,0.0
217,1645651800.0,1.0
218,1645652700.0,1.0
219,1645653600.0,1.0
220,1645654500.0,1.0
221,1645655400.0,1.0
222,1645656300.0,0.0
223,1645657200.0,1.0
224,1645658100.0,0.0
225,1645659000.0,1.0
226,1645659900.0,0.0
227,1645660800.0,1.0
228,1645661700.0,1.0
229,1645662600.0,0.0
230,1645663500.0,1.0
231,1645664400.0,1.0
232,1645665300.0,0.0
233,1645666200.0,0.0
234,1645667100.0,0.0
235,1645668000.0,0.0
236,1645668900.0,1.0
237,1645669800.0,1.0
238,1645670700.0,1.0
239,1645671600.0,1.0
240,1645672500.0,1.0
241,1645673400.0,1.0
242,1645674300.0,1.0
243,1645675200.0,1.0
244,1645676100.0,1.0
245,1645677000.0,1.0
246,1645677900.0,0.0
247,1645678800.0,1.0
248,1645679700.0,1.0
249,1645680600.0,1.0
250,1645681500.0,1.0
251,1645682400.0,1.0
252,1645683300.0,0.0
253,1645684200.0,0.0
254,1645685100.0,0.0
255,1645686000.0,1.0
256,1645686900.0,1.0
257,1645687800.0,1.0
258,1645688700.0,1.0
259,1645689600.0,1.0
260,1645690500.0,0.0
261,1645691400.0,1.0
262,1645692300.0,1.0
263,1645693200.0,0.0
264,1645694100.0,0.0
265,1645695000.0,1.0
266,1645695900.0,1.0
267,1645696800.0,1.0
268,1645697700.0,1.0
269,1645698600.0,0.0
270,1645699500.0,1.0
271,1645700400.0,1.0
272,1645701300.0,1.0
273,1645702200.0,1.0
274,1645703100.0,1.0
275,1645704000.0,0.0
276,1645704900.0,0.0
277,1645705800.0,1.0
278,1645706700.0,1.0
279,1645707600.0,1.0
280,1645708500.0,1.0
281,1645709400.0,1.0
282,1645710300.0,1.0
283,1645711200.0,1.0
284,1645712100.0,1.0
285,1645713000.0,1.0
286,1645713900.0,1.0
287,1645714800.0,1.0
288,1645715700.0,1.0
289,1645716600.0,1.0
290,1645717500.0,1.0
291,1645718400.0,1.0
292,1645719300.0,1.0
293,1645720200.0,0.0
294,1645721100.0,0.0
295,1645722000.0,0.0
296,1645722900.0,0.0
297,1645723800.0,0.0
298,1645724700.0,1.0
299,1645725600.0,0.0
300,1645726500.0,0.0
301,1645727400.0,1.0
302,1645728300.0,1.0
303,1645729200.0,1.0
304,1645730100.0,1.0
305,1645731000.0,1.0
306,1645731900.0,1.0
307,1645732800.0,1.0
308,1645733700.0,1.0
309,1645734600.0,1.0
310,1645735500.0,1.0
311,1645736400.0,1.0
312,1645737300.0,1.0
313,1645738200.0,0.0
314,1645739100.0,1.0
315,1645740000.0,1.0
316,1645740900.0,1.0
317,1645741800.0,1.0
318,1645742700.0,1.0
319,1645743600.0,1.0
320,1645744500.0,1.0
321,1645745400.0,1.0
322,1645746300.0,1.0
323,1645747200.0,1.0
324,1645748100.0,1.0
325,1645749000.0,0.0
326,1645749900.0,1.0
327,1645750800.0,1.0
328,1645751700.0,0.0
329,1645752600.0,1.0
330,1645753500.0,1.0
331,1645754400.0,0.0
332,1645755300.0,1.0
333,1645756200.0,1.0
334,1645757100.0,1.0
335,1645758000.0,0.0
336,1645758900.0,0.0
337,1645759800.0,1.0
338,1645760700.0,1.0
339,1645761600.0,1.0
340,1645762500.0,1.0
341,1645763400.0,0.0
342,1645764300.0,1.0
343,1645765200.0,0.0
344,1645766100.0,0.0
345,1645767000.0,1.0
346,1645767900.0,0.0
347,1645768800.0,0.0
348,1645769700.0,1.0
349,1645770600.0,1.0
350,1645771500.0,1.0
351,1645772400.0,0.0
352,1645773300.0,0.0
353,1645774200.0,1.0
354,1645775100.0,1.0
355,1645776000.0,1.0
356,1645776900.0,1.0
357,1645777800.0,1.0
358,1645778700.0,1.0
359,1645779600.0,1.0
360,1645780500.0,1.0
361,1645781400.0,1.0
362,1645782300.0,1.0
363,1645783200.0,0.0
364,1645784100.0,1.0
365,1645785000.0,1.0
366,1645785900.0,1.0
367,1645786800.0,1.0
368,1645787700.0,1.0
369,1645788600.0,0.0
370,1645789500.0,0.0
371,1645790400.0,1.0
372,1645791300.0,0.0
373,1645792200.0,1.0
374,1645793100.0,1.0
375,1645794000.0,0.0
376,1645794900.0,1.0
377,1645795800.0,0.0
378,1645796700.0,1.0
379,1645797600.0,0.0
380,1645798500.0,1.0
381,1645799400.0,1.0
382,1645800300.0,1.0
383,1645801200.0,1.0
384,1645802100.0,0.0
385,1645803000.0,0.0
386,1645803900.0,0.0
387,1645804800.0,0.0
388,1645805700.0,0.0
389,1645806600.0,1.0
390,1645807500.0,1.0
391,1645808400.0,0.0
392,1645809300.0,1.0
393,1645810200.0,1.0
394,1645811100.0,1.0
395,1645812000.0,0.0
396,1645812900.0,0.0
397,1645813800.0,0.0
398,1645814700.0,0.0
399,1645815600.0,0.0
400,1645816500.0,1.0
401,1645817400.0,1.0
402,1645818300.0,1.0
403,1645819200.0,0.0
404,1645820100.0,1.0
405,1645821000.0,1.0
406,1645821900.0,1.0
407,1645822800.0,1.0
408,1645823700.0,1.0
409,1645824600.0,1.0
410,1645825500.0,1.0
411,1645826400.0,1.0
412,1645827300.0,1.0
413,1645828200.0,0.0
414,1645829100.0,1.0
415,1645830000.0,0.0
416,1645830900.0,1.0
417,1645831800.0,1.0
418,1645832700.0,1.0
419,1645833600.0,0.0
420,1645834500.0,1.0
421,1645835400.0,1.0
422,1645836300.0,1.0
423,1645837200.0,1.0
424,1645838100.0,1.0
425,1645839000.0,1.0
426,1645839900.0,1.0
427,1645840800.0,1.0
428,1645841700.0,0.0
429,1645842600.0,1.0
430,1645843500.0,0.0
431,1645844400.0,1.0
432,1645845300.0,1.0
433,1645846200.0,1.0
434,1645847100.0,1.0
435,1645848000.0,0.0
436,1645848900.0,1.0
437,1645849800.0,1.0
438,1645850700.0,1.0
439,1645851600.0,1.0
440,1645852500.0,0.0
441,1645853400.0,1.0
442,1645854300.0,1.0
443,1645855200.0,1.0
444,1645856100.0,1.0
445,1645857000.0,1.0
446,1645857900.0,1.0
447,1645858800.0,1.0
448,1645859700.0,1.0
449,1645860600.0,1.0
450,1645861500.0,1.0
451,1645862400.0,0.0
452,1645863300.0,1.0
453,1645864200.0,0.0
454,1645865100.0,1.0
455,1645866000.0,0.0
456,1645866900.0,1.0
457,1645867800.0,0.0
458,1645868700.0,0.0
459,1645869600.0,1.0
460,1645870500.0,1.0
461,1645871400.0,1.0
462,1645872300.0,1.0
463,1645873200.0,0.0
464,1645874100.0,1.0
465,1645875000.0,1.0
466,1645875900.0,1.0
467,1645876800.0,0.0
468,1645877700.0,0.0
469,1645878600.0,1.0
470,1645879500.0,1.0
471,1645880400.0,1.0
472,1645881300.0,1.0
473,1645882200.0,0.0
474,1645883100.0,0.0
475,1645884000.0,1.0
476,1645884900.0,1.0
477,1645885800.0,0.0
478,1645886700.0,0.0
479,1645887600.0,1.0
480,1645888500.0,0.0
481,1645889400.0,1.0
482,1645890300.0,0.0
483,1645891200.0,1.0
484,1645892100.0,1.0
485,1645893000.0,0.0
486,1645893900.0,1.0
487,1645894800.0,0.0
488,1645895700.0,1.0
489,1645896600.0,0.0
490,1645897500.0,0.0
491,1645898400.0,0.0
492,1645899300.0,1.0
493,1645900200.0,1.0
494,1645901100.0,1.0
495,1645902000.0,1.0
496,1645902900.0,1.0
497,1645903800.0,1.0
498,1645904700.0,1.0
499,1645905600.0,1.0
500,1645906500.0,1.0
501,1645907400.0,1.0
502,1645908300.0,0.0
503,1645909200.0,1.0
504,1645910100.0,0.0
505,1645911000.0,1.0
506,1645911900.0,1.0
507,1645912800.0,1.0
508,1645913700.0,1.0
509,1645914600.0,1.0
510,1645915500.0,1.0
511,1645916400.0,0.0
512,1645917300.0,1.0
513,1645918200.0,1.0
514,1645919100.0,1.0
515,1645920000.0,0.0
516,1645920900.0,1.0
517,1645921800.0,0.0
518,1645922700.0,1.0
519,1645923600.0,1.0
520,1645924500.0,1.0
521,1645925400.0,1.0
522,1645926300.0,0.0
523,1645927200.0,0.0
524,1645928100.0,1.0
525,1645929000.0,1.0
526,1645929900.0,0.0
527,1645930800.0,1.0
528,1645931700.0,1.0
529,1645932600.0,0.0
530,1645933500.0,1.0
531,1645934400.0,1.0
532,1645935300.0,1.0
533,1645936200.0,1.0
534,1645937100.0,0.0
535,1645938000.0,0.0
536,1645938900.0,1.0
537,1645939800.0,0.0
538,1645940700.0,0.0
539,1645941600.0,1.0
540,1645942500.0,1.0
541,1645943400.0,0.0
542,1645944300.0,1.0
543,1645945200.0,0.0
544,1645946100.0,1.0
545,1645947000.0,1.0
546,1645947900.0,0.0
547,1645948800.0,0.0
548,1645949700.0,1.0
549,1645950600.0,1.0
550,1645951500.0,1.0
551,1645952400.0,1.0
552,1645953300.0,1.0
553,1645954200.0,1.0
554,1645955100.0,1.0
555,1645956000.0,1.0
556,1645956900.0,1.0
557,1645957800.0,0.0
558,1645958700.0,1.0
559,1645959600.0,1.0
560,1645960500.0,1.0
561,1645961400.0,0.0
562,1645962300.0,1.0
563,1645963200.0,1.0
564,1645964100.0,1.0
565,1645965000.0,1.0
566,1645965900.0,0.0
567,1645966800.0,1.0
568,1645967700.0,1.0
569,1645968600.0,1.0
570,1645969500.0,0.0
571,1645970400.0,1.0
572,1645971300.0,1.0
573,1645972200.0,1.0
574,1645973100.0,1.0
575,1645974000.0,1.0
576,1645974900.0,1.0
577,1645975800.0,1.0
578,1645976700.0,0.0
579,1645977600.0,1.0
580,1645978500.0,1.0
581,1645979400.0,1.0
582,1645980300.0,0.0
583,1645981200.0,1.0
584,1645982100.0,1.0
585,1645983000.0,1.0
586,1645983900.0,1.0
587,1645984800.0,0.0
588,1645985700.0,0.0
589,1645986600.0,1.0
590,1645987500.0,0.0
591,1645988400.0,0.0
592,1645989300.0,1.0
593,1645990200.0,1.0
594,1645991100.0,1.0
595,1645992000.0,1.0
596,1645992900.0,0.0
597,1645993800.0,1.0
598,1645994700.0,1.0
599,1645995600.0,1.0
600,1645996500.0,1.0
601,1645997400.0,1.0
602,1645998300.0,1.0
603,1645999200.0,1.0
604,1646000100.0,1.0
605,1646001000.0,1.0
606,1646001900.0,1.0
607,1646002800.0,1.0
608,1646003700.0,1.0
609,1646004600.0,1.0
610,1646005500.0,1.0
611,1646006400.0,1.0
612,1646007300.0,1.0
613,1646008200.0,0.0
614,1646009100.0,1.0
615,1646010000.0,1.0
616,1646010900.0,1.0
617,1646011800.0,0.0
618,1646012700.0,0.0
619,1646013600.0,0.0
620,1646014500.0,1.0
621,1646015400.0,1.0
622,1646016300.0,1.0
623,1646017200.0,0.0
624,1646018100.0,0.0
625,1646019000.0,0.0
626,1646019900.0,1.0
627,1646020800.0,1.0
628,1646021700.0,1.0
629,1646022600.0,1.0
630,1646023500.0,0.0
631,1646024400.0,1.0
632,1646025300.0,1.0
633,1646026200.0,1.0
634,1646027100.0,1.0
635,1646028000.0,1.0
636,1646028900.0,1.0
637,1646029800.0,1.0
638,1646030700.0,0.0
639,1646031600.0,0.0
640,1646032500.0,0.0
641,1646033400.0,1.0
642,1646034300.0,1.0
643,1646035200.0,1.0
644,1646036100.0,1.0
645,1646037000.0,1.0
646,1646037900.0,1.0
647,1646038800.0,1.0
648,1646039700.0,1.0
649,1646040600.0,1.0
650,1646041500.0,1.0
651,1646042400.0,1.0
652,1646043300.0,1.0
653,1646044200.0,1.0
654,1646045100.0,1.0
655,1646046000.0,0.0
656,1646046900.0,1.0
657,1646047800.0,1.0
658,1646048700.0,1.0
659,1646049600.0,0.0
660,1646050500.0,1.0
661,1646051400.0,1.0
662,1646052300.0,0.0
663,1646053200.0,1.0
664,1646054100.0,0.0
665,1646055000.0,0.0
666,1646055900.0,1.0
667,1646056800.0,1.0
668,1646057700.0,1.0
669,1646058600.0,1.0
670,1646059500.0,1.0
671,1646060400.0,1.0
672,1646061300.0,1.0
673,1646062200.0,1.0
674,1646063100.0,1.0
675,1646064000.0,1.0
676,1646064900.0,1.0
677,1646065800.0,1.0
678,1646066700.0,0.0
679,1646067600.0,0.0
680,1646068500.0,1.0
681,1646069400.0,1.0
682,1646070300.0,0.0
683,1646071200.0,0.0
684,1646072100.0,0.0
685,1646073000.0,1.0
686,1646073900.0,0.0
687,1646074800.0,1.0
688,1646075700.0,1.0
689,1646076600.0,1.0
690,1646077500.0,1.0
691,1646078400.0,1.0
692,1646079300.0,1.0
693,1646080200.0,1.0
694,1646081100.0,1.0
695,1646082000.0,1.0
696,1646082900.0,1.0
697,1646083800.0,1.0
698,1646084700.0,1.0
699,1646085600.0,1.0
700,1646086500.0,1.0
701,1646087400.0,1.0
702,1646088300.0,1.0
703,1646089200.0,1.0
704,1646090100.0,1.0
705,1646091000.0,0.0
706,1646091900.0,1.0
707,1646092800.0,1.0
708,1646093700.0,0.0
709,1646094600.0,0.0
710,1646095500.0,1.0
711,1646096400.0,0.0
712,1646097300.0,1.0
713,1646098200.0,1.0
714,1646099100.0,0.0
715,1646100000.0,0.0
716,1646100900.0,0.0
717,1646101800.0,1.0
718,1646102700.0,0.0
719,1646103600.0,1.0
720,1646104500.0,1.0
721,1646105400.0,1.0
722,1646106300.0,0.0
723,1646107200.0,1.0
724,1646108100.0,0.0
725,1646109000.0,1.0
726,1646109900.0,0.0
727,1646110800.0,1.0
728,1646111700.0,1.0
729,1646112600.0,1.0
730,1646113500.0,1.0
731,1646114400.0,1.0
732,1646115300.0,1.0
733,1646116200.0,0.0
734,1646117100.0,1.0
735,1646118000.0,1.0
736,1646118900.0,0.0
737,1646119800.0,1.0
738,1646120700.0,1.0
739,1646121600.0,1.0
740,1646122500.0,0.0
741,1646123400.0,1.0
742,1646124300.0,1.0
743,1646125200.0,0.0
744,1646126100.0,0.0
745,1646127000.0,1.0
746,1646127900.0,1.0
747,1646128800.0,1.0
748,1646129700.0,0.0
749,1646130600.0,1.0
750,1646131500.0,1.0
751,1646132400.0,1.0
752,1646133300.0,1.0
753,1646134200.0,1.0
754,1646135100.0,1.0
755,1646136000.0,1.0
756,1646136900.0,1.0
757,1646137800.0,1.0
758,1646138700.0,1.0
759,1646139600.0,1.0
760,1646140500.0,1.0
761,1646141400.0,1.0
762,1646142300.0,1.0
763,1646143200.0,1.0
764,1646144100.0,1.0
765,1646145000.0,1.0
766,1646145900.0,1.0
767,1646146800.0,0.0
768,1646147700.0,0.0
769,1646148600.0,1.0
770,1646149500.0,1.0
771,1646150400.0,1.0
772,1646151300.0,1.0
773,1646152200.0,0.0
774,1646153100.0,1.0
775,1646154000.0,1.0
776,1646154900.0,1.0
777,1646155800.0,1.0
778,1646156700.0,1.0
779,1646157600.0,1.0
780,1646158500.0,1.0
781,1646159400.0,1.0
782,1646160300.0,1.0
783,1646161200.0,1.0
784,1646162100.0,1.0
785,1646163000.0,0.0
786,1646163900.0,0.0
787,1646164800.0,0.0
788,1646165700.0,1.0
789,1646166600.0,1.0
790,1646167500.0,0.0
791,1646168400.0,1.0
792,1646169300.0,1.0
793,1646170200.0,0.0
794,1646171100.0,1.0
795,1646172000.0,1.0
796,1646172900.0,0.0
797,1646173800.0,1.0
798,1646174700.0,1.0
799,1646175600.0,1.0
800,1646176500.0,1.0
801,1646177400.0,1.0
802,1646178300.0,1.0
803,1646179200.0,1.0
804,1646180100.0,1.0
805,1646181000.0,1.0
806,1646181900.0,1.0
807,1646182800.0,1.0
808,1646183700.0,1.0
809,1646184600.0,1.0
810,1646185500.0,1.0
811,1646186400.0,1.0
812,1646187300.0,1.0
813,1646188200.0,0.0
814,1646189100.0,1.0
815,1646190000.0,1.0
816,1646190900.0,1.0
817,1646191800.0,1.0
818,1646192700.0,1.0
819,1646193600.0,1.0
820,1646194500.0,1.0
821,1646195400.0,1.0
822,1646196300.0,1.0
823,1646197200.0,1.0
824,1646198100.0,0.0
825,1646199000.0,1.0
826,1646199900.0,1.0
827,1646200800.0,0.0
828,1646201700.0,0.0
829,1646202600.0,1.0
830,1646203500.0,1.0
831,1646204400.0,1.0
832,1646205300.0,1.0
833,1646206200.0,1.0
834,1646207100.0,1.0
835,1646208000.0,1.0
836,1646208900.0,0.0
837,1646209800.0,1.0
838,1646210700.0,1.0
839,1646211600.0,1.0
840,1646212500.0,1.0
841,1646213400.0,0.0
842,1646214300.0,1.0
843,1646215200.0,1.0
844,1646216100.0,1.0
845,1646217000.0,0.0
846,1646217900.0,1.0
847,1646218800.0,1.0
848,1646219700.0,1.0
849,1646220600.0,1.0
850,1646221500.0,0.0
851,1646222400.0,1.0
852,1646223300.0,1.0
853,1646224200.0,1.0
854,1646225100.0,0.0
855,1646226000.0,1.0
856,1646226900.0,1.0
857,1646227800.0,1.0
858,1646228700.0,1.0
859,1646229600.0,0.0
860,1646230500.0,1.0
861,1646231400.0,1.0
862,1646232300.0,1.0
863,1646233200.0,1.0
864,1646234100.0,1.0
865,1646235000.0,1.0
866,1646235900.0,1.0
867,1646236800.0,1.0
868,1646237700.0,1.0
869,1646238600.0,1.0
870,1646239500.0,1.0
871,1646240400.0,1.0
872,1646241300.0,1.0
873,1646242200.0,1.0
874,1646243100.0,1.0
875,1646244000.0,1.0
876,1646244900.0,1.0
877,1646245800.0,1.0
878,1646246700.0,1.0
879,1646247600.0,1.0
880,1646248500.0,1.0
881,1646249400.0,1.0
882,1646250300.0,1.0
883,1646251200.0,0.0
884,1646252100.0,1.0
885,1646253000.0,1.0
886,1646253900.0,1.0
887,1646254800.0,1.0
888,1646255700.0,1.0
889,1646256600.0,0.0
890,1646257500.0,1.0
891,1646258400.0,1.0
892,1646259300.0,1.0
893,1646260200.0,1.0
894,1646261100.0,1.0
895,1646262000.0,1.0
896,1646262900.0,0.0
897,1646263800.0,1.0
898,1646264700.0,1.0
899,1646265600.0,0.0
900,1646266500.0,1.0
901,1646267400.0,1.0
902,1646268300.0,1.0
903,1646269200.0,0.0
904,1646270100.0,1.0
905,1646271000.0,1.0
906,1646271900.0,0.0
907,1646272800.0,1.0
908,1646273700.0,0.0
909,1646274600.0,0.0
910,1646275500.0,1.0
911,1646276400.0,1.0
912,1646277300.0,1.0
913,1646278200.0,1.0
914,1646279100.0,1.0
915,1646280000.0,0.0
916,1646280900.0,1.0
917,1646281800.0,0.0
918,1646282700.0,1.0
919,1646283600.0,1.0
920,1646284500.0,1.0
921,1646285400.0,0.0
922,1646286300.0,1.0
923,1646287200.0,1.0
924,1646288100.0,1.0
925,1646289000.0,1.0
926,1646289900.0,1.0
927,1646290800.0,1.0
928,1646291700.0,1.0
929,1646292600.0,0.0
930,1646293500.0,1.0
931,1646294400.0,0.0
932,1646295300.0,1.0
933,1646296200.0,1.0
934,1646297100.0,1.0
935,1646298000.0,1.0
936,1646298900.0,1.0
937,1646299800.0,1.0
938,1646300700.0,1.0
939,1646301600.0,1.0
940,1646302500.0,1.0
941,1646303400.0,1.0
942,1646304300.0,1.0
943,1646305200.0,1.0
944,1646306100.0,1.0
945,1646307000.0,1.0
946,1646307900.0,0.0
947,1646308800.0,1.0
948,1646309700.0,1.0
949,1646310600.0,1.0
950,1646311500.0,1.0
951,1646312400.0,1.0
952,1646313300.0,1.0
953,1646314200.0,1.0
954,1646315100.0,1.0
955,1646316000.0,1.0
956,1646316900.0,1.0
957,1646317800.0,1.0
958,1646318700.0,1.0
959,1646319600.0,1.0
960,1646320500.0,1.0
961,1646321400.0,1.0
962,1646322300.0,1.0
963,1646323200.0,1.0
964,1646324100.0,1.0
965,1646325000.0,1.0
966,1646325900.0,1.0
967,1646326800.0,1.0
968,1646327700.0,1.0
969,1646328600.0,1.0
970,1646329500.0,1.0
971,1646330400.0,1.0
972,1646331300.0,1.0
973,1646332200.0,1.0
974,1646333100.0,1.0
975,1646334000.0,1.0
976,1646334900.0,1.0
977,1646335800.0,1.0
978,1646336700.0,1.0
979,1646337600.0,1.0
980,1646338500.0,1.0
981,1646339400.0,1.0
982,1646340300.0,1.0
983,1646341200.0,1.0
984,1646342100.0,1.0
985,1646343000.0,1.0
986,1646343900.0,1.0
987,1646344800.0,1.0
988,1646345700.0,1.0
989,1646346600.0,1.0
990,1646347500.0,1.0
991,1646348400.0,1.0
992,1646349300.0,1.0
993,1646350200.0,1.0
994,1646351100.0,1.0
995,1646352000.0,0.0
996,1646352900.0,1.0
997,1646353800.0,1.0
998,1646354700.0,1.0
999,1646355600.0,1.0
1000,1646356500.0,1.0
1001,1646357400.0,1.0
1002,1646358300.0,1.0
1003,1646359200.0,1.0
1004,1646360100.0,1.0
1005,1646361000.0,0.0
1006,1646361900.0,1.0
1007,1646362800.0,1.0
1008,1646363700.0,0.0
1009,1646364600.0,1.0
1010,1646365500.0,1.0
1011,1646366400.0,0.0
1012,1646367300.0,1.0
1013,1646368200.0,1.0
1014,1646369100.0,1.0
1015,1646370000.0,1.0
1016,1646370900.0,1.0
1017,1646371800.0,1.0
1018,1646372700.0,0.0
1019,1646373600.0,1.0
1020,1646374500.0,0.0
1021,1646375400.0,0.0
1022,1646376300.0,0.0
1023,1646377200.0,1.0
1024,1646378100.0,1.0
1025,1646379000.0,0.0
1026,1646379900.0,1.0
1027,1646380800.0,1.0
1028,1646381700.0,1.0
1029,1646382600.0,1.0
1030,1646383500.0,1.0
1031,1646384400.0,1.0
1032,1646385300.0,1.0
1033,1646386200.0,1.0
1034,1646387100.0,1.0
1035,1646388000.0,1.0
1036,1646388900.0,1.0
1037,1646389800.0,1.0
1038,1646390700.0,1.0
1039,1646391600.0,1.0
1040,1646392500.0,1.0
1041,1646393400.0,1.0
1042,1646394300.0,1.0
1043,1646395200.0,1.0
1044,1646396100.0,1.0
1045,1646397000.0,1.0
1046,1646397900.0,1.0
1047,1646398800.0,1.0
1048,1646399700.0,1.0
1049,1646400600.0,1.0
1050,1646401500.0,0.0
1051,1646402400.0,1.0
1052,1646403300.0,1.0
1053,1646404200.0,1.0
1054,1646405100.0,1.0
1055,1646406000.0,1.0
1056,1646406900.0,1.0
1057,1646407800.0,1.0
1058,1646408700.0,1.0
1059,1646409600.0,1.0
1060,1646410500.0,1.0
1061,1646411400.0,1.0
1062,1646412300.0,1.0
1063,1646413200.0,1.0
1064,1646414100.0,1.0
1065,1646415000.0,1.0
1066,1646415900.0,1.0
1067,1646416800.0,1.0
1068,1646417700.0,1.0
1069,1646418600.0,1.0
1070,1646419500.0,1.0
1071,1646420400.0,1.0
1072,1646421300.0,1.0
1073,1646422200.0,1.0
1074,1646423100.0,1.0
1075,1646424000.0,1.0
1076,1646424900.0,1.0
1077,1646425800.0,1.0
1078,1646426700.0,1.0
1079,1646427600.0,1.0
1080,1646428500.0,1.0
1081,1646429400.0,1.0
1082,1646430300.0,1.0
1083,1646431200.0,1.0
1084,1646432100.0,1.0
1085,1646433000.0,1.0
1086,1646433900.0,0.0
1087,1646434800.0,1.0
1088,1646435700.0,1.0
1089,1646436600.0,1.0
1090,1646437500.0,1.0
1091,1646438400.0,0.0
1092,1646439300.0,1.0
1093,1646440200.0,1.0
1094,1646441100.0,1.0
1095,1646442000.0,0.0
1096,1646442900.0,0.0
1097,1646443800.0,1.0
1098,1646444700.0,0.0
1099,1646445600.0,0.0
1100,1646446500.0,0.0
1101,1646447400.0,1.0
1102,1646448300.0,1.0
1103,1646449200.0,0.0
1104,1646450100.0,0.0
1105,1646451000.0,0.0
1106,1646451900.0,1.0
1107,1646452800.0,0.0
1108,1646453700.0,1.0
1109,1646454600.0,1.0
1110,1646455500.0,0.0
1111,1646456400.0,1.0
1112,1646457300.0,1.0
1113,1646458200.0,1.0
1114,1646459100.0,1.0
1115,1646460000.0,1.0
1116,1646460900.0,0.0
1117,1646461800.0,0.0
1118,1646462700.0,0.0
1119,1646463600.0,1.0
1120,1646464500.0,0.0
1121,1646465400.0,1.0
1122,1646466300.0,1.0
1123,1646467200.0,0.0
1124,1646468100.0,1.0
1125,1646469000.0,1.0
1126,1646469900.0,0.0
1127,1646470800.0,1.0
1128,1646471700.0,1.0
1129,1646472600.0,1.0
1130,1646473500.0,0.0
1131,1646474400.0,1.0
1132,1646475300.0,0.0
1133,1646476200.0,1.0
1134,1646477100.0,0.0
1135,1646478000.0,1.0
1136,1646478900.0,1.0
1137,1646479800.0,0.0
1138,1646480700.0,1.0
1139,1646481600.0,1.0
1140,1646482500.0,1.0
1141,1646483400.0,1.0
1142,1646484300.0,1.0
1143,1646485200.0,1.0
1144,1646486100.0,1.0
1145,1646487000.0,1.0
1146,1646487900.0,1.0
1147,1646488800.0,1.0
1148,1646489700.0,0.0
1149,1646490600.0,1.0
1150,1646491500.0,1.0
1151,1646492400.0,1.0
1152,1646493300.0,0.0
1153,1646494200.0,1.0
1154,1646495100.0,1.0
1155,1646496000.0,0.0
1156,1646496900.0,1.0
1157,1646497800.0,1.0
1158,1646498700.0,1.0
1159,1646499600.0,0.0
1160,1646500500.0,1.0
1161,1646501400.0,0.0
1162,1646502300.0,1.0
1163,1646503200.0,1.0
1164,1646504100.0,1.0
1165,1646505000.0,0.0
1166,1646505900.0,1.0
1167,1646506800.0,1.0
1168,1646507700.0,1.0
1169,1646508600.0,0.0
1170,1646509500.0,1.0
1171,1646510400.0,0.0
1172,1646511300.0,0.0
1173,1646512200.0,0.0
1174,1646513100.0,1.0
1175,1646514000.0,1.0
1176,1646514900.0,0.0
1177,1646515800.0,0.0
1178,1646516700.0,1.0
1179,1646517600.0,1.0
1180,1646518500.0,0.0
1181,1646519400.0,0.0
1182,1646520300.0,1.0
1183,1646521200.0,0.0
1184,1646522100.0,1.0
1185,1646523000.0,1.0
1186,1646523900.0,0.0
1187,1646524800.0,0.0
1188,1646525700.0,1.0
1189,1646526600.0,0.0
1190,1646527500.0,1.0
1191,1646528400.0,1.0
1192,1646529300.0,0.0
1193,1646530200.0,1.0
1194,1646531100.0,0.0
1195,1646532000.0,0.0
1196,1646532900.0,1.0
1197,1646533800.0,0.0
1198,1646534700.0,0.0
1199,1646535600.0,0.0
1200,1646536500.0,0.0
1201,1646537400.0,1.0
1202,1646538300.0,1.0
1203,1646539200.0,1.0
1204,1646540100.0,1.0
1205,1646541000.0,1.0
1206,1646541900.0,1.0
1207,1646542800.0,0.0
1208,1646543700.0,0.0
1209,1646544600.0,0.0
1210,1646545500.0,0.0
1211,1646546400.0,1.0
1212,1646547300.0,1.0
1213,1646548200.0,1.0
1214,1646549100.0,0.0
1215,1646550000.0,0.0
1216,1646550900.0,0.0
1217,1646551800.0,0.0
1218,1646552700.0,0.0
1219,1646553600.0,1.0
1220,1646554500.0,0.0
1221,1646555400.0,1.0
1222,1646556300.0,1.0
1223,1646557200.0,0.0
1224,1646558100.0,0.0
1225,1646559000.0,0.0
1226,1646559900.0,1.0
1227,1646560800.0,1.0
1228,1646561700.0,0.0
1229,1646562600.0,0.0
1230,1646563500.0,1.0
1231,1646564400.0,0.0
1232,1646565300.0,0.0
1233,1646566200.0,1.0
1234,1646567100.0,0.0
1235,1646568000.0,1.0
1236,1646568900.0,1.0
1237,1646569800.0,0.0
1238,1646570700.0,1.0
1239,1646571600.0,1.0
1240,1646572500.0,0.0
1241,1646573400.0,1.0
1242,1646574300.0,0.0
1243,1646575200.0,0.0
1244,1646576100.0,1.0
1245,1646577000.0,1.0
1246,1646577900.0,1.0
1247,1646578800.0,1.0
1248,1646579700.0,1.0
1249,1646580600.0,0.0
1250,1646581500.0,0.0
1251,1646582400.0,1.0
1252,1646583300.0,1.0
1253,1646584200.0,1.0
1254,1646585100.0,1.0
1255,1646586000.0,1.0
1256,1646586900.0,0.0
1257,1646587800.0,0.0
1258,1646588700.0,0.0
1259,1646589600.0,0.0
1260,1646590500.0,1.0
1261,1646591400.0,1.0
1262,1646592300.0,1.0
1263,1646593200.0,1.0
1264,1646594100.0,0.0
1265,1646595000.0,1.0
1266,1646595900.0,0.0
1267,1646596800.0,0.0
1268,1646597700.0,0.0
1269,1646598600.0,0.0
1270,1646599500.0,1.0
1271,1646600400.0,1.0
1272,1646601300.0,0.0
1273,1646602200.0,1.0
1274,1646603100.0,0.0
1275,1646604000.0,1.0
1276,1646604900.0,1.0
1277,1646605800.0,1.0
1278,1646606700.0,0.0
1279,1646607600.0,0.0
1280,1646608500.0,1.0
1281,1646609400.0,0.0
1282,1646610300.0,0.0
1283,1646611200.0,1.0
1284,1646612100.0,1.0
1285,1646613000.0,0.0
1286,1646613900.0,1.0
1287,1646614800.0,0.0
1288,1646615700.0,1.0
1289,1646616600.0,1.0
1290,1646617500.0,1.0
1291,1646618400.0,1.0
1292,1646619300.0,1.0
1293,1646620200.0,1.0
1294,1646621100.0,1.0
1295,1646622000.0,0.0
1296,1646622900.0,1.0
1297,1646623800.0,1.0
1298,1646624700.0,1.0
1299,1646625600.0,0.0
1300,1646626500.0,0.0
1301,1646627400.0,1.0
1302,1646628300.0,1.0
1303,1646629200.0,1.0
1304,1646630100.0,1.0
1305,1646631000.0,0.0
1306,1646631900.0,0.0
1307,1646632800.0,0.0
1308,1646633700.0,0.0
1309,1646634600.0,1.0
1310,1646635500.0,0.0
1311,1646636400.0,0.0
1312,1646637300.0,1.0
1313,1646638200.0,1.0
1314,1646639100.0,0.0
1315,1646640000.0,1.0
1316,1646640900.0,0.0
1317,1646641800.0,1.0
1318,1646642700.0,1.0
1319,1646643600.0,0.0
1320,1646644500.0,0.0
1321,1646645400.0,1.0
1322,1646646300.0,1.0
1323,1646647200.0,0.0
1324,1646648100.0,1.0
1325,1646649000.0,1.0
1326,1646649900.0,1.0
1327,1646650800.0,1.0
1328,1646651700.0,1.0
1329,1646652600.0,1.0
1330,1646653500.0,1.0
1331,1646654400.0,0.0
1332,1646655300.0,1.0
1333,1646656200.0,1.0
1334,1646657100.0,1.0
1335,1646658000.0,1.0
1336,1646658900.0,1.0
1337,1646659800.0,1.0
1338,1646660700.0,1.0
1339,1646661600.0,1.0
1340,1646662500.0,0.0
1341,1646663400.0,1.0
1342,1646664300.0,1.0
1343,1646665200.0,0.0
1344,1646666100.0,1.0
1345,1646667000.0,0.0
1346,1646667900.0,0.0
1347,1646668800.0,1.0
1348,1646669700.0,1.0
1349,1646670600.0,0.0
1350,1646671500.0,0.0
1351,1646672400.0,1.0
1352,1646673300.0,1.0
1353,1646674200.0,1.0
1354,1646675100.0,1.0
1355,1646676000.0,1.0
1356,1646676900.0,1.0
1357,1646677800.0,0.0
1358,1646678700.0,1.0
1359,1646679600.0,0.0
1360,1646680500.0,1.0
1361,1646681400.0,0.0
1362,1646682300.0,0.0
1363,1646683200.0,1.0
1364,1646684100.0,1.0
1365,1646685000.0,1.0
1366,1646685900.0,1.0
1367,1646686800.0,1.0
1368,1646687700.0,1.0
1369,1646688600.0,1.0
1370,1646689500.0,1.0
1371,1646690400.0,1.0
1372,1646691300.0,1.0
1373,1646692200.0,1.0
1374,1646693100.0,1.0
1375,1646694000.0,1.0
1376,1646694900.0,1.0
1377,1646695800.0,1.0
1378,1646696700.0,1.0
1379,1646697600.0,1.0
1380,1646698500.0,0.0
1381,1646699400.0,0.0
1382,1646700300.0,1.0
1383,1646701200.0,1.0
1384,1646702100.0,0.0
1385,1646703000.0,0.0
1386,1646703900.0,1.0
1387,1646704800.0,1.0
1388,1646705700.0,1.0
1389,1646706600.0,0.0
1390,1646707500.0,0.0
1391,1646708400.0,1.0
1392,1646709300.0,0.0
1393,1646710200.0,0.0
1394,1646711100.0,1.0
1395,1646712000.0,0.0
1396,1646712900.0,1.0
1397,1646713800.0,0.0
1398,1646714700.0,1.0
1399,1646715600.0,1.0
1400,1646716500.0,0.0
1401,1646717400.0,0.0
1402,1646718300.0,0.0
1403,1646719200.0,0.0
1404,1646720100.0,1.0
1405,1646721000.0,1.0
1406,1646721900.0,1.0
1407,1646722800.0,1.0
1408,1646723700.0,1.0
1409,1646724600.0,1.0
1410,1646725500.0,1.0
1411,1646726400.0,1.0
1412,1646727300.0,0.0
1413,1646728200.0,1.0
1414,1646729100.0,0.0
1415,1646730000.0,1.0
1416,1646730900.0,1.0
1417,1646731800.0,1.0
1418,1646732700.0,1.0
1419,1646733600.0,1.0
1420,1646734500.0,1.0
1421,1646735400.0,0.0
1422,1646736300.0,0.0
1423,1646737200.0,0.0
1424,1646738100.0,1.0
1425,1646739000.0,1.0
1426,1646739900.0,0.0
1427,1646740800.0,1.0
1428,1646741700.0,1.0
1429,1646742600.0,0.0
1430,1646743500.0,1.0
1431,1646744400.0,0.0
1432,1646745300.0,1.0
1433,1646746200.0,1.0
1434,1646747100.0,0.0
1435,1646748000.0,0.0
1436,1646748900.0,1.0
1437,1646749800.0,1.0
1438,1646750700.0,1.0
1439,1646751600.0,0.0
1440,1646752500.0,0.0
1441,1646753400.0,1.0
1442,1646754300.0,1.0
1443,1646755200.0,1.0
1444,1646756100.0,1.0
1445,1646757000.0,0.0
1446,1646757900.0,1.0
1447,1646758800.0,0.0
1448,1646759700.0,1.0
1449,1646760600.0,1.0
1450,1646761500.0,1.0
1451,1646762400.0,1.0
1452,1646763300.0,0.0
1453,1646764200.0,0.0
1454,1646765100.0,1.0
1455,1646766000.0,0.0
1456,1646766900.0,1.0
1457,1646767800.0,0.0
1458,1646768700.0,0.0
1459,1646769600.0,1.0
1460,1646770500.0,0.0
1461,1646771400.0,1.0
1462,1646772300.0,1.0
1463,1646773200.0,1.0
1464,1646774100.0,1.0
1465,1646775000.0,0.0
1466,1646775900.0,1.0
1467,1646776800.0,0.0
1468,1646777700.0,0.0
1469,1646778600.0,1.0
1470,1646779500.0,0.0
1471,1646780400.0,1.0
1472,1646781300.0,0.0
1473,1646782200.0,1.0
1474,1646783100.0,0.0
1475,1646784000.0,1.0
1476,1646784900.0,0.0
1477,1646785800.0,0.0
1478,1646786700.0,0.0
1479,1646787600.0,0.0
1480,1646788500.0,0.0
1481,1646789400.0,0.0
1482,1646790300.0,1.0
1483,1646791200.0,1.0
1484,1646792100.0,0.0
1485,1646793000.0,1.0
1486,1646793900.0,1.0
1487,1646794800.0,1.0
1488,1646795700.0,1.0
1489,1646796600.0,1.0
1490,1646797500.0,1.0
1491,1646798400.0,1.0
1492,1646799300.0,1.0
1493,1646800200.0,0.0
1494,1646801100.0,1.0
1495,1646802000.0,1.0
1496,1646802900.0,0.0
1497,1646803800.0,0.0
1498,1646804700.0,0.0
1499,1646805600.0,1.0
1500,1646806500.0,1.0
1501,1646807400.0,0.0
1502,1646808300.0,1.0
1503,1646809200.0,1.0
1504,1646810100.0,1.0
1505,1646811000.0,0.0
1506,1646811900.0,1.0
1507,1646812800.0,0.0
1508,1646813700.0,1.0
1509,1646814600.0,1.0
1510,1646815500.0,1.0
1511,1646816400.0,0.0
1512,1646817300.0,1.0
1513,1646818200.0,0.0
1514,1646819100.0,1.0
1515,1646820000.0,1.0
1516,1646820900.0,0.0
1517,1646821800.0,1.0
1518,1646822700.0,1.0
1519,1646823600.0,1.0
1520,1646824500.0,0.0
1521,1646825400.0,1.0
1522,1646826300.0,1.0
1523,1646827200.0,1.0
1524,1646828100.0,1.0
1525,1646829000.0,1.0
1526,1646829900.0,0.0
1527,1646830800.0,0.0
1528,1646831700.0,0.0
1529,1646832600.0,1.0
1530,1646833500.0,1.0
1531,1646834400.0,1.0
1532,1646835300.0,0.0
1533,1646836200.0,1.0
1534,1646837100.0,1.0
1535,1646838000.0,1.0
1536,1646838900.0,0.0
1537,1646839800.0,1.0
1538,1646840700.0,0.0
1539,1646841600.0,1.0
1540,1646842500.0,1.0
1541,1646843400.0,1.0
1542,1646844300.0,1.0
1543,1646845200.0,1.0
1544,1646846100.0,1.0
1545,1646847000.0,1.0
1546,1646847900.0,1.0
1547,1646848800.0,1.0
1548,1646849700.0,1.0
1549,1646850600.0,1.0
1550,1646851500.0,0.0
1551,1646852400.0,1.0
1552,1646853300.0,1.0
1553,1646854200.0,0.0
1554,1646855100.0,0.0
1555,1646856000.0,0.0
1556,1646856900.0,1.0
1557,1646857800.0,1.0
1558,1646858700.0,1.0
1559,1646859600.0,0.0
1560,1646860500.0,1.0
1561,1646861400.0,0.0
1562,1646862300.0,0.0
1563,1646863200.0,1.0
1564,1646864100.0,1.0
1565,1646865000.0,0.0
1566,1646865900.0,0.0
1567,1646866800.0,1.0
1568,1646867700.0,0.0
1569,1646868600.0,0.0
1570,1646869500.0,1.0
1571,1646870400.0,1.0
1572,1646871300.0,1.0
1573,1646872200.0,1.0
1574,1646873100.0,1.0
1575,1646874000.0,0.0
1576,1646874900.0,1.0
1577,1646875800.0,1.0
1578,1646876700.0,1.0
1579,1646877600.0,1.0
1580,1646878500.0,1.0
1581,1646879400.0,1.0
1582,1646880300.0,1.0
1583,1646881200.0,0.0
1584,1646882100.0,1.0
1585,1646883000.0,1.0
1586,1646883900.0,0.0
1587,1646884800.0,1.0
1588,1646885700.0,1.0
1589,1646886600.0,1.0
1590,1646887500.0,1.0
1591,1646888400.0,1.0
1592,1646889300.0,1.0
1593,1646890200.0,1.0
1594,1646891100.0,1.0
1595,1646892000.0,1.0
1596,1646892900.0,1.0
1597,1646893800.0,1.0
1598,1646894700.0,1.0
1599,1646895600.0,0.0
1600,1646896500.0,1.0
1601,1646897400.0,1.0
1602,1646898300.0,1.0
1603,1646899200.0,1.0
1604,1646900100.0,0.0
1605,1646901000.0,0.0
1606,1646901900.0,1.0
1607,1646902800.0,0.0
1608,1646903700.0,0.0
1609,1646904600.0,0.0
1610,1646905500.0,1.0
1611,1646906400.0,1.0
1612,1646907300.0,0.0
1613,1646908200.0,0.0
1614,1646909100.0,1.0
1615,1646910000.0,1.0
1616,1646910900.0,1.0
1617,1646911800.0,1.0
1618,1646912700.0,1.0
1619,1646913600.0,1.0
1620,1646914500.0,1.0
1621,1646915400.0,1.0
1622,1646916300.0,1.0
1623,1646917200.0,0.0
1624,1646918100.0,1.0
1625,1646919000.0,1.0
1626,1646919900.0,1.0
1627,1646920800.0,1.0
1628,1646921700.0,1.0
1629,1646922600.0,1.0
1630,1646923500.0,1.0
1631,1646924400.0,1.0
1632,1646925300.0,1.0
1633,1646926200.0,1.0
1634,1646927100.0,1.0
1635,1646928000.0,1.0
1636,1646928900.0,1.0
1637,1646929800.0,1.0
1638,1646930700.0,1.0
1639,1646931600.0,1.0
1640,1646932500.0,1.0
1641,1646933400.0,1.0
1642,1646934300.0,1.0
1643,1646935200.0,1.0
1644,1646936100.0,0.0
1645,1646937000.0,0.0
1646,1646937900.0,0.0
1647,1646938800.0,0.0
1648,1646939700.0,0.0
1649,1646940600.0,1.0
1650,1646941500.0,1.0
1651,1646942400.0,0.0
1652,1646943300.0,0.0
1653,1646944200.0,1.0
1654,1646945100.0,0.0
1655,1646946000.0,0.0
1656,1646946900.0,0.0
1657,1646947800.0,0.0
1658,1646948700.0,1.0
1659,1646949600.0,1.0
1660,1646950500.0,1.0
1661,1646951400.0,0.0
1662,1646952300.0,0.0
1663,1646953200.0,0.0
1664,1646954100.0,0.0
1665,1646955000.0,1.0
1666,1646955900.0,1.0
1667,1646956800.0,1.0
1668,1646957700.0,1.0
1669,1646958600.0,1.0
1670,1646959500.0,1.0
1671,1646960400.0,1.0
1672,1646961300.0,0.0
1673,1646962200.0,1.0
1674,1646963100.0,1.0
1675,1646964000.0,1.0
1676,1646964900.0,1.0
1677,1646965800.0,1.0
1678,1646966700.0,0.0
1679,1646967600.0,0.0
1680,1646968500.0,0.0
1681,1646969400.0,0.0
1682,1646970300.0,0.0
1683,1646971200.0,1.0
1684,1646972100.0,1.0
1685,1646973000.0,0.0
1686,1646973900.0,1.0
1687,1646974800.0,0.0
1688,1646975700.0,1.0
1689,1646976600.0,0.0
1690,1646977500.0,1.0
1691,1646978400.0,1.0
1692,1646979300.0,1.0
1693,1646980200.0,0.0
1694,1646981100.0,1.0
1695,1646982000.0,0.0
1696,1646982900.0,0.0
1697,1646983800.0,0.0
1698,1646984700.0,0.0
1699,1646985600.0,0.0
1700,1646986500.0,0.0
1701,1646987400.0,1.0
1702,1646988300.0,0.0
1703,1646989200.0,0.0
1704,1646990100.0,1.0
1705,1646991000.0,1.0
1706,1646991900.0,1.0
1707,1646992800.0,0.0
1708,1646993700.0,1.0
1709,1646994600.0,1.0
1710,1646995500.0,1.0
1711,1646996400.0,1.0
1712,1646997300.0,1.0
1713,1646998200.0,1.0
1714,1646999100.0,1.0
1715,1647000000.0,1.0
1716,1647000900.0,1.0
1717,1647001800.0,1.0
1718,1647002700.0,1.0
1719,1647003600.0,1.0
1720,1647004500.0,0.0
1721,1647005400.0,1.0
1722,1647006300.0,0.0
1723,1647007200.0,1.0
1724,1647008100.0,1.0
1725,1647009000.0,0.0
1726,1647009900.0,1.0
1727,1647010800.0,1.0
1728,1647011700.0,1.0
1729,1647012600.0,0.0
1730,1647013500.0,1.0
1731,1647014400.0,0.0
1732,1647015300.0,1.0
1733,1647016200.0,1.0
1734,1647017100.0,0.0
1735,1647018000.0,1.0
1736,1647018900.0,1.0
1737,1647019800.0,1.0
1738,1647020700.0,1.0
1739,1647021600.0,1.0
1740,1647022500.0,1.0
1741,1647023400.0,1.0
1742,1647024300.0,0.0
1743,1647025200.0,1.0
1744,1647026100.0,0.0
1745,1647027000.0,0.0
1746,1647027900.0,1.0
1747,1647028800.0,1.0
1748,1647029700.0,1.0
1749,1647030600.0,1.0
1750,1647031500.0,1.0
1751,1647032400.0,0.0
1752,1647033300.0,0.0
1753,1647034200.0,1.0
1754,1647035100.0,1.0
1755,1647036000.0,1.0
1756,1647036900.0,1.0
1757,1647037800.0,1.0
1758,1647038700.0,1.0
1759,1647039600.0,1.0
1760,1647040500.0,0.0
1761,1647041400.0,1.0
1762,1647042300.0,0.0
1763,1647043200.0,0.0
1764,1647044100.0,1.0
1765,1647045000.0,1.0
1766,1647045900.0,1.0
1767,1647046800.0,0.0
1768,1647047700.0,0.0
1769,1647048600.0,1.0
1770,1647049500.0,1.0
1771,1647050400.0,1.0
1772,1647051300.0,1.0
1773,1647052200.0,0.0
1774,1647053100.0,0.0
1775,1647054000.0,0.0
1776,1647054900.0,1.0
1777,1647055800.0,0.0
1778,1647056700.0,1.0
1779,1647057600.0,0.0
1780,1647058500.0,1.0
1781,1647059400.0,0.0
1782,1647060300.0,0.0
1783,1647061200.0,1.0
1784,1647062100.0,0.0
1785,1647063000.0,1.0
1786,1647063900.0,1.0
1787,1647064800.0,1.0
1788,1647065700.0,0.0
1789,1647066600.0,0.0
1790,1647067500.0,0.0
1791,1647068400.0,0.0
1792,1647069300.0,1.0
1793,1647070200.0,1.0
1794,1647071100.0,1.0
1795,1647072000.0,0.0
1796,1647072900.0,1.0
1797,1647073800.0,0.0
1798,1647074700.0,0.0
1799,1647075600.0,1.0
1800,1647076500.0,1.0
1801,1647077400.0,1.0
1802,1647078300.0,0.0
1803,1647079200.0,1.0
1804,1647080100.0,1.0
1805,1647081000.0,1.0
1806,1647081900.0,1.0
1807,1647082800.0,1.0
1808,1647083700.0,1.0
1809,1647084600.0,0.0
1810,1647085500.0,1.0
1811,1647086400.0,1.0
1812,1647087300.0,1.0
1813,1647088200.0,1.0
1814,1647089100.0,1.0
1815,1647090000.0,1.0
1816,1647090900.0,1.0
1817,1647091800.0,1.0
1818,1647092700.0,0.0
1819,1647093600.0,0.0
1820,1647094500.0,1.0
1821,1647095400.0,1.0
1822,1647096300.0,0.0
1823,1647097200.0,0.0
1824,1647098100.0,1.0
1825,1647099000.0,0.0
1826,1647099900.0,0.0
1827,1647100800.0,0.0
1828,1647101700.0,1.0
1829,1647102600.0,1.0
1830,1647103500.0,1.0
1831,1647104400.0,0.0
1832,1647105300.0,1.0
1833,1647106200.0,1.0
1834,1647107100.0,1.0
1835,1647108000.0,1.0
1836,1647108900.0,1.0
1837,1647109800.0,1.0
1838,1647110700.0,0.0
1839,1647111600.0,1.0
1840,1647112500.0,1.0
1841,1647113400.0,1.0
1842,1647114300.0,1.0
1843,1647115200.0,1.0
1844,1647116100.0,1.0
1845,1647117000.0,1.0
1846,1647117900.0,1.0
1847,1647118800.0,1.0
1848,1647119700.0,1.0
1849,1647120600.0,1.0
1850,1647121500.0,1.0
1851,1647122400.0,1.0
1852,1647123300.0,1.0
1853,1647124200.0,1.0
1854,1647125100.0,1.0
1855,1647126000.0,1.0
1856,1647126900.0,1.0
1857,1647127800.0,0.0
1858,1647128700.0,0.0
1859,1647129600.0,1.0
1860,1647130500.0,0.0
1861,1647131400.0,1.0
1862,1647132300.0,1.0
1863,1647133200.0,0.0
1864,1647134100.0,0.0
1865,1647135000.0,0.0
1866,1647135900.0,0.0
1867,1647136800.0,1.0
1868,1647137700.0,1.0
1869,1647138600.0,1.0
1870,1647139500.0,0.0
1871,1647140400.0,1.0
1872,1647141300.0,1.0
1873,1647142200.0,1.0
1874,1647143100.0,1.0
1875,1647144000.0,1.0
1876,1647144900.0,1.0
1877,1647145800.0,1.0
1878,1647146700.0,1.0
1879,1647147600.0,1.0
1880,1647148500.0,1.0
1881,1647149400.0,1.0
1882,1647150300.0,1.0
1883,1647151200.0,1.0
1884,1647152100.0,1.0
1885,1647153000.0,1.0
1886,1647153900.0,1.0
1887,1647154800.0,1.0
1888,1647155700.0,1.0
1889,1647156600.0,0.0
1890,1647157500.0,1.0
1891,1647158400.0,0.0
1892,1647159300.0,0.0
1893,1647160200.0,0.0
1894,1647161100.0,1.0
1895,1647162000.0,1.0
1896,1647162900.0,1.0
1897,1647163800.0,1.0
1898,1647164700.0,0.0
1899,1647165600.0,0.0
1900,1647166500.0,0.0
1901,1647167400.0,1.0
1902,1647168300.0,1.0
1903,1647169200.0,1.0
1904,1647170100.0,1.0
1905,1647171000.0,0.0
1906,1647171900.0,1.0
1907,1647172800.0,1.0
1908,1647173700.0,0.0
1909,1647174600.0,0.0
1910,1647175500.0,1.0
1911,1647176400.0,1.0
1912,1647177300.0,0.0
1913,1647178200.0,1.0
1914,1647179100.0,1.0
1915,1647180000.0,1.0
1916,1647180900.0,1.0
1917,1647181800.0,1.0
1918,1647182700.0,1.0
1919,1647183600.0,0.0
1920,1647184500.0,1.0
1921,1647185400.0,1.0
1922,1647186300.0,1.0
1923,1647187200.0,1.0
1924,1647188100.0,1.0
1925,1647189000.0,1.0
1926,1647189900.0,1.0
1927,1647190800.0,0.0
1928,1647191700.0,0.0
1929,1647192600.0,0.0
1930,1647193500.0,1.0
1931,1647194400.0,1.0
1932,1647195300.0,1.0
1933,1647196200.0,1.0
1934,1647197100.0,1.0
1935,1647198000.0,1.0
1936,1647198900.0,1.0
1937,1647199800.0,1.0
1938,1647200700.0,1.0
1939,1647201600.0,0.0
1940,1647202500.0,1.0
1941,1647203400.0,1.0
1942,1647204300.0,0.0
1943,1647205200.0,0.0
1944,1647206100.0,1.0
1945,1647207000.0,1.0
1946,1647207900.0,1.0
1947,1647208800.0,0.0
1948,1647209700.0,0.0
1949,1647210600.0,1.0
1950,1647211500.0,0.0
1951,1647212400.0,0.0
1952,1647213300.0,0.0
1953,1647214200.0,1.0
1954,1647215100.0,1.0
1955,1647216000.0,0.0
1956,1647216900.0,0.0
1957,1647217800.0,1.0
1958,1647218700.0,1.0
1959,1647219600.0,1.0
1960,1647220500.0,0.0
1961,1647221400.0,0.0
1962,1647222300.0,0.0
1963,1647223200.0,0.0
1964,1647224100.0,1.0
1965,1647225000.0,1.0
1966,1647225900.0,0.0
1967,1647226800.0,1.0
1968,1647227700.0,1.0
1969,1647228600.0,1.0
1970,1647229500.0,1.0
1971,1647230400.0,0.0
1972,1647231300.0,1.0
1973,1647232200.0,0.0
1974,1647233100.0,1.0
1975,1647234000.0,1.0
1976,1647234900.0,0.0
1977,1647235800.0,0.0
1978,1647236700.0,1.0
1979,1647237600.0,1.0
1980,1647238500.0,1.0
1981,1647239400.0,1.0
1982,1647240300.0,1.0
1983,1647241200.0,1.0
1984,1647242100.0,1.0
1985,1647243000.0,1.0
1986,1647243900.0,0.0
1987,1647244800.0,0.0
1988,1647245700.0,1.0
1989,1647246600.0,0.0
1990,1647247500.0,0.0
1991,1647248400.0,1.0
1992,1647249300.0,1.0
1993,1647250200.0,1.0
1994,1647251100.0,0.0
1995,1647252000.0,1.0
1996,1647252900.0,1.0
1997,1647253800.0,1.0
1998,1647254700.0,0.0
1999,1647255600.0,0.0
2000,1647256500.0,1.0
2001,1647257400.0,0.0
2002,1647258300.0,1.0
2003,1647259200.0,0.0
2004,1647260100.0,0.0
2005,1647261000.0,0.0
2006,1647261900.0,0.0
2007,1647262800.0,0.0
2008,1647263700.0,1.0
2009,1647264600.0,0.0
2010,1647265500.0,1.0
2011,1647266400.0,1.0
2012,1647267300.0,0.0
2013,1647268200.0,1.0
2014,1647269100.0,1.0
2015,1647270000.0,1.0
2016,1647270900.0,1.0
2017,1647271800.0,0.0
2018,1647272700.0,0.0
2019,1647273600.0,0.0
2020,1647274500.0,0.0
2021,1647275400.0,0.0
2022,1647276300.0,0.0
2023,1647277200.0,0.0
2024,1647278100.0,0.0
2025,1647279000.0,0.0
2026,1647279900.0,1.0
2027,1647280800.0,0.0
2028,1647281700.0,1.0
2029,1647282600.0,1.0
2030,1647283500.0,0.0
2031,1647284400.0,0.0
2032,1647285300.0,0.0
2033,1647286200.0,0.0
2034,1647287100.0,1.0
2035,1647288000.0,0.0
2036,1647288900.0,1.0
2037,1647289800.0,1.0
2038,1647290700.0,0.0
2039,1647291600.0,0.0
2040,1647292500.0,1.0
2041,1647293400.0,1.0
2042,1647294300.0,1.0
2043,1647295200.0,0.0
2044,1647296100.0,1.0
2045,1647297000.0,1.0
2046,1647297900.0,1.0
2047,1647298800.0,0.0
2048,1647299700.0,0.0
2049,1647300600.0,0.0
2050,1647301500.0,0.0
2051,1647302400.0,1.0
2052,1647303300.0,1.0
2053,1647304200.0,0.0
2054,1647305100.0,0.0
2055,1647306000.0,1.0
2056,1647306900.0,1.0
2057,1647307800.0,0.0
2058,1647308700.0,0.0
2059,1647309600.0,0.0
2060,1647310500.0,1.0
2061,1647311400.0,1.0
2062,1647312300.0,1.0
2063,1647313200.0,1.0
2064,1647314100.0,0.0
2065,1647315000.0,0.0
2066,1647315900.0,0.0
2067,1647316800.0,1.0
2068,1647317700.0,1.0
2069,1647318600.0,1.0
2070,1647319500.0,1.0
2071,1647320400.0,1.0
2072,1647321300.0,1.0
2073,1647322200.0,1.0
2074,1647323100.0,1.0
2075,1647324000.0,1.0
2076,1647324900.0,1.0
2077,1647325800.0,1.0
2078,1647326700.0,1.0
2079,1647327600.0,0.0
2080,1647328500.0,0.0
2081,1647329400.0,0.0
2082,1647330300.0,1.0
2083,1647331200.0,0.0
2084,1647332100.0,0.0
2085,1647333000.0,0.0
2086,1647333900.0,1.0
2087,1647334800.0,1.0
2088,1647335700.0,1.0
2089,1647336600.0,0.0
2090,1647337500.0,1.0
2091,1647338400.0,1.0
2092,1647339300.0,1.0
2093,1647340200.0,0.0
2094,1647341100.0,0.0
2095,1647342000.0,0.0
2096,1647342900.0,1.0
2097,1647343800.0,0.0
2098,1647344700.0,0.0
2099,1647345600.0,0.0
2100,1647346500.0,1.0
2101,1647347400.0,0.0
2102,1647348300.0,0.0
2103,1647349200.0,0.0
2104,1647350100.0,1.0
2105,1647351000.0,0.0
2106,1647351900.0,1.0
2107,1647352800.0,1.0
2108,1647353700.0,1.0
2109,1647354600.0,0.0
2110,1647355500.0,1.0
2111,1647356400.0,1.0
2112,1647357300.0,1.0
2113,1647358200.0,0.0
2114,1647359100.0,1.0
2115,1647360000.0,1.0
2116,1647360900.0,1.0
2117,1647361800.0,0.0
2118,1647362700.0,0.0
2119,1647363600.0,0.0
2120,1647364500.0,0.0
2121,1647365400.0,0.0
2122,1647366300.0,0.0
2123,1647367200.0,0.0
2124,1647368100.0,1.0
2125,1647369000.0,1.0
2126,1647369900.0,1.0
2127,1647370800.0,0.0
2128,1647371700.0,1.0
2129,1647372600.0,1.0
2130,1647373500.0,1.0
2131,1647374400.0,1.0
2132,1647375300.0,1.0
2133,1647376200.0,1.0
2134,1647377100.0,1.0
2135,1647378000.0,1.0
2136,1647378900.0,1.0
2137,1647379800.0,1.0
2138,1647380700.0,0.0
2139,1647381600.0,0.0
2140,1647382500.0,0.0
2141,1647383400.0,1.0
2142,1647384300.0,0.0
2143,1647385200.0,0.0
2144,1647386100.0,1.0
2145,1647387000.0,0.0
2146,1647387900.0,1.0
2147,1647388800.0,0.0
2148,1647389700.0,1.0
2149,1647390600.0,0.0
2150,1647391500.0,0.0
2151,1647392400.0,1.0
2152,1647393300.0,1.0
2153,1647394200.0,1.0
2154,1647395100.0,1.0
2155,1647396000.0,1.0
2156,1647396900.0,1.0
2157,1647397800.0,1.0
2158,1647398700.0,1.0
2159,1647399600.0,1.0
2160,1647400500.0,1.0
2161,1647401400.0,1.0
2162,1647402300.0,1.0
2163,1647403200.0,1.0
2164,1647404100.0,1.0
2165,1647405000.0,0.0
2166,1647405900.0,0.0
2167,1647406800.0,0.0
2168,1647407700.0,0.0
2169,1647408600.0,1.0
2170,1647409500.0,0.0
2171,1647410400.0,1.0
2172,1647411300.0,1.0
2173,1647412200.0,1.0
2174,1647413100.0,1.0
2175,1647414000.0,0.0
2176,1647414900.0,1.0
2177,1647415800.0,1.0
2178,1647416700.0,0.0
2179,1647417600.0,1.0
2180,1647418500.0,1.0
2181,1647419400.0,1.0
2182,1647420300.0,1.0
2183,1647421200.0,0.0
2184,1647422100.0,0.0
2185,1647423000.0,1.0
2186,1647423900.0,1.0
2187,1647424800.0,1.0
2188,1647425700.0,1.0
2189,1647426600.0,0.0
2190,1647427500.0,0.0
2191,1647428400.0,1.0
2192,1647429300.0,0.0
2193,1647430200.0,1.0
2194,1647431100.0,0.0
2195,1647432000.0,0.0
2196,1647432900.0,1.0
2197,1647433800.0,1.0
2198,1647434700.0,1.0
2199,1647435600.0,1.0
2200,1647436500.0,0.0
2201,1647437400.0,0.0
2202,1647438300.0,1.0
2203,1647439200.0,1.0
2204,1647440100.0,1.0
2205,1647441000.0,1.0
2206,1647441900.0,0.0
2207,1647442800.0,1.0
2208,1647443700.0,1.0
2209,1647444600.0,1.0
2210,1647445500.0,1.0
2211,1647446400.0,1.0
2212,1647447300.0,1.0
2213,1647448200.0,0.0
2214,1647449100.0,1.0
2215,1647450000.0,0.0
2216,1647450900.0,1.0
2217,1647451800.0,0.0
2218,1647452700.0,1.0
2219,1647453600.0,1.0
2220,1647454500.0,1.0
2221,1647455400.0,1.0
2222,1647456300.0,1.0
2223,1647457200.0,1.0
2224,1647458100.0,1.0
2225,1647459000.0,1.0
2226,1647459900.0,1.0
2227,1647460800.0,1.0
2228,1647461700.0,1.0
2229,1647462600.0,0.0
2230,1647463500.0,1.0
2231,1647464400.0,1.0
2232,1647465300.0,1.0
2233,1647466200.0,1.0
2234,1647467100.0,1.0
2235,1647468000.0,1.0
2236,1647468900.0,0.0
2237,1647469800.0,1.0
2238,1647470700.0,1.0
2239,1647471600.0,1.0
2240,1647472500.0,1.0
2241,1647473400.0,1.0
2242,1647474300.0,1.0
2243,1647475200.0,0.0
2244,1647476100.0,1.0
2245,1647477000.0,0.0
2246,1647477900.0,1.0
2247,1647478800.0,0.0
2248,1647479700.0,1.0
2249,1647480600.0,1.0
2250,1647481500.0,0.0
2251,1647482400.0,1.0
2252,1647483300.0,1.0
2253,1647484200.0,1.0
2254,1647485100.0,0.0
2255,1647486000.0,0.0
2256,1647486900.0,1.0
2257,1647487800.0,0.0
2258,1647488700.0,1.0
2259,1647489600.0,1.0
2260,1647490500.0,0.0
2261,1647491400.0,0.0
2262,1647492300.0,1.0
2263,1647493200.0,0.0
2264,1647494100.0,0.0
2265,1647495000.0,1.0
2266,1647495900.0,1.0
2267,1647496800.0,1.0
2268,1647497700.0,0.0
2269,1647498600.0,1.0
2270,1647499500.0,0.0
2271,1647500400.0,0.0
2272,1647501300.0,1.0
2273,1647502200.0,0.0
2274,1647503100.0,1.0
2275,1647504000.0,1.0
2276,1647504900.0,1.0
2277,1647505800.0,1.0
2278,1647506700.0,0.0
2279,1647507600.0,1.0
2280,1647508500.0,1.0
2281,1647509400.0,1.0
2282,1647510300.0,1.0
2283,1647511200.0,0.0
2284,1647512100.0,1.0
2285,1647513000.0,1.0
2286,1647513900.0,1.0
2287,1647514800.0,1.0
2288,1647515700.0,1.0
2289,1647516600.0,1.0
2290,1647517500.0,1.0
2291,1647518400.0,1.0
2292,1647519300.0,1.0
2293,1647520200.0,1.0
2294,1647521100.0,1.0
2295,1647522000.0,1.0
2296,1647522900.0,1.0
2297,1647523800.0,1.0
2298,1647524700.0,1.0
2299,1647525600.0,1.0
2300,1647526500.0,1.0
2301,1647527400.0,1.0
2302,1647528300.0,1.0
2303,1647529200.0,1.0
2304,1647530100.0,1.0
2305,1647531000.0,1.0
2306,1647531900.0,1.0
2307,1647532800.0,1.0
2308,1647533700.0,1.0
2309,1647534600.0,1.0
2310,1647535500.0,1.0
2311,1647536400.0,1.0
2312,1647537300.0,1.0
2313,1647538200.0,1.0
2314,1647539100.0,1.0
2315,1647540000.0,1.0
2316,1647540900.0,1.0
2317,1647541800.0,1.0
2318,1647542700.0,1.0
2319,1647543600.0,1.0
2320,1647544500.0,1.0
2321,1647545400.0,1.0
2322,1647546300.0,1.0
2323,1647547200.0,1.0
2324,1647548100.0,1.0
2325,1647549000.0,1.0
2326,1647549900.0,1.0
2327,1647550800.0,1.0
2328,1647551700.0,1.0
2329,1647552600.0,1.0
2330,1647553500.0,1.0
2331,1647554400.0,1.0
2332,1647555300.0,1.0
2333,1647556200.0,1.0
2334,1647557100.0,1.0
2335,1647558000.0,1.0
2336,1647558900.0,1.0
2337,1647559800.0,1.0
2338,1647560700.0,1.0
2339,1647561600.0,1.0
2340,1647562500.0,1.0
2341,1647563400.0,1.0
2342,1647564300.0,1.0
2343,1647565200.0,1.0
2344,1647566100.0,1.0
2345,1647567000.0,1.0
2346,1647567900.0,1.0
2347,1647568800.0,1.0
2348,1647569700.0,1.0
2349,1647570600.0,1.0
2350,1647571500.0,1.0
2351,1647572400.0,1.0
2352,1647573300.0,1.0
2353,1647574200.0,1.0
2354,1647575100.0,1.0
2355,1647576000.0,1.0
2356,1647576900.0,1.0
2357,1647577800.0,1.0
2358,1647578700.0,1.0
2359,1647579600.0,1.0
2360,1647580500.0,1.0
2361,1647581400.0,1.0
2362,1647582300.0,1.0
2363,1647583200.0,1.0
2364,1647584100.0,1.0
2365,1647585000.0,1.0
2366,1647585900.0,1.0
2367,1647586800.0,1.0
2368,1647587700.0,1.0
2369,1647588600.0,1.0
2370,1647589500.0,1.0
2371,1647590400.0,1.0
2372,1647591300.0,1.0
2373,1647592200.0,1.0
2374,1647593100.0,1.0
2375,1647594000.0,1.0
2376,1647594900.0,1.0
2377,1647595800.0,1.0
2378,1647596700.0,1.0
2379,1647597600.0,1.0
2380,1647598500.0,1.0
2381,1647599400.0,1.0
2382,1647600300.0,1.0
2383,1647601200.0,1.0
2384,1647602100.0,1.0
2385,1647603000.0,1.0
2386,1647603900.0,1.0
2387,1647604800.0,1.0
2388,1647605700.0,1.0
2389,1647606600.0,1.0
2390,1647607500.0,1.0
2391,1647608400.0,1.0
2392,1647609300.0,1.0
2393,1647610200.0,1.0
2394,1647611100.0,1.0
2395,1647612000.0,1.0
2396,1647612900.0,1.0
2397,1647613800.0,1.0
2398,1647614700.0,1.0
2399,1647615600.0,1.0
2400,1647616500.0,1.0
2401,1647617400.0,1.0
2402,1647618300.0,1.0
2403,1647619200.0,1.0
2404,1647620100.0,1.0
2405,1647621000.0,1.0
2406,1647621900.0,1.0
2407,1647622800.0,1.0
2408,1647623700.0,1.0
2409,1647624600.0,1.0
2410,1647625500.0,1.0
2411,1647626400.0,1.0
2412,1647627300.0,1.0
2413,1647628200.0,1.0
2414,1647629100.0,1.0
2415,1647630000.0,1.0
2416,1647630900.0,1.0
2417,1647631800.0,1.0
2418,1647632700.0,1.0
2419,1647633600.0,1.0
2420,1647634500.0,1.0
2421,1647635400.0,1.0
2422,1647636300.0,1.0
2423,1647637200.0,1.0
2424,1647638100.0,1.0
2425,1647639000.0,1.0
2426,1647639900.0,1.0
2427,1647640800.0,1.0
2428,1647641700.0,1.0
2429,1647642600.0,1.0
2430,1647643500.0,1.0
2431,1647644400.0,1.0
2432,1647645300.0,1.0
2433,1647646200.0,1.0
2434,1647647100.0,1.0
2435,1647648000.0,1.0
2436,1647648900.0,1.0
2437,1647649800.0,1.0
2438,1647650700.0,1.0
2439,1647651600.0,1.0
2440,1647652500.0,1.0
2441,1647653400.0,1.0
2442,1647654300.0,1.0
2443,1647655200.0,1.0
2444,1647656100.0,1.0
2445,1647657000.0,1.0
2446,1647657900.0,1.0
2447,1647658800.0,1.0
2448,1647659700.0,1.0
2449,1647660600.0,1.0
2450,1647661500.0,1.0
2451,1647662400.0,1.0
2452,1647663300.0,1.0
2453,1647664200.0,1.0
2454,1647665100.0,1.0
2455,1647666000.0,1.0
2456,1647666900.0,1.0
2457,1647667800.0,1.0
2458,1647668700.0,1.0
2459,1647669600.0,1.0
2460,1647670500.0,1.0
2461,1647671400.0,1.0
2462,1647672300.0,1.0
2463,1647673200.0,1.0
2464,1647674100.0,1.0
2465,1647675000.0,1.0
2466,1647675900.0,1.0
2467,1647676800.0,1.0
2468,1647677700.0,1.0
2469,1647678600.0,1.0
2470,1647679500.0,1.0
2471,1647680400.0,1.0
2472,1647681300.0,1.0
2473,1647682200.0,1.0
2474,1647683100.0,1.0
2475,1647684000.0,1.0
2476,1647684900.0,1.0
2477,1647685800.0,1.0
2478,1647686700.0,1.0
2479,1647687600.0,1.0
2480,1647688500.0,1.0
2481,1647689400.0,1.0
2482,1647690300.0,1.0
2483,1647691200.0,1.0
2484,1647692100.0,1.0
2485,1647693000.0,1.0
2486,1647693900.0,1.0
2487,1647694800.0,1.0
2488,1647695700.0,1.0
2489,1647696600.0,1.0
2490,1647697500.0,1.0
2491,1647698400.0,1.0
2492,1647699300.0,1.0
2493,1647700200.0,1.0
2494,1647701100.0,1.0
2495,1647702000.0,1.0
2496,1647702900.0,1.0
2497,1647703800.0,1.0
2498,1647704700.0,1.0
2499,1647705600.0,1.0
2500,1647706500.0,1.0
2501,1647707400.0,1.0
2502,1647708300.0,1.0
2503,1647709200.0,1.0
2504,1647710100.0,1.0
2505,1647711000.0,1.0
2506,1647711900.0,1.0
2507,1647712800.0,1.0
2508,1647713700.0,1.0
2509,1647714600.0,1.0
2510,1647715500.0,1.0
2511,1647716400.0,1.0
2512,1647717300.0,1.0
2513,1647718200.0,1.0
2514,1647719100.0,1.0
2515,1647720000.0,1.0
2516,1647720900.0,1.0
2517,1647721800.0,1.0
2518,1647722700.0,1.0
2519,1647723600.0,1.0
2520,1647724500.0,1.0
2521,1647725400.0,1.0
2522,1647726300.0,1.0
2523,1647727200.0,1.0
2524,1647728100.0,1.0
2525,1647729000.0,1.0
2526,1647729900.0,1.0
2527,1647730800.0,1.0
2528,1647731700.0,1.0
2529,1647732600.0,1.0
2530,1647733500.0,1.0
2531,1647734400.0,1.0
2532,1647735300.0,1.0
2533,1647736200.0,1.0
2534,1647737100.0,1.0
2535,1647738000.0,1.0
2536,1647738900.0,1.0
2537,1647739800.0,1.0
2538,1647740700.0,1.0
2539,1647741600.0,1.0
2540,1647742500.0,1.0
2541,1647743400.0,1.0
2542,1647744300.0,1.0
2543,1647745200.0,1.0
2544,1647746100.0,1.0
2545,1647747000.0,1.0
2546,1647747900.0,1.0
2547,1647748800.0,1.0
2548,1647749700.0,1.0
2549,1647750600.0,1.0
2550,1647751500.0,1.0
2551,1647752400.0,1.0
2552,1647753300.0,1.0
2553,1647754200.0,1.0
2554,1647755100.0,1.0
2555,1647756000.0,1.0
2556,1647756900.0,1.0
2557,1647757800.0,1.0
2558,1647758700.0,1.0
2559,1647759600.0,1.0
2560,1647760500.0,1.0
2561,1647761400.0,1.0
2562,1647762300.0,1.0
2563,1647763200.0,1.0
2564,1647764100.0,1.0
2565,1647765000.0,1.0
2566,1647765900.0,1.0
2567,1647766800.0,1.0
2568,1647767700.0,1.0
2569,1647768600.0,1.0
2570,1647769500.0,1.0
2571,1647770400.0,1.0
2572,1647771300.0,1.0
2573,1647772200.0,1.0
2574,1647773100.0,1.0
2575,1647774000.0,1.0
2576,1647774900.0,1.0
2577,1647775800.0,1.0
